news_headline,news_article,news_category,full_text,clean_text
That's an old meme: Google on Pak flag in 'best toilet paper' search,"After reports claimed Google Search for 'best toilet paper in the world' showed Pakistani flag's images, Google said the search results were from an old 2017 meme and not actual search results. Google found no evidence of Google Images ranking the flag for search. ""Since these news stories were published, images from them are ranking for this query,"" it added.",technology,"That's an old meme: Google on Pak flag in 'best toilet paper' search. After reports claimed Google Search for 'best toilet paper in the world' showed Pakistani flag's images, Google said the search results were from an old 2017 meme and not actual search results. Google found no evidence of Google Images ranking the flag for search. ""Since these news stories were published, images from them are ranking for this query,"" it added.",old meme google pak flag good toilet paper search report claim google search good toilet paper world show pakistani flag image google say search result old meme not actual search result google find no evidence google image rank flag search since news story publish image rank query add
Was fixed in 2017: Google on 'Maps fooled you' banner in Goa,"Google has responded after an image of a banner in Goa warning tourists that Google Maps was showing them the wrong route to Baga Beach went viral. The banner read, ""You are fooled by Google Maps. This road [doesn't] take you to Baga beach"". Google India said, ""We...already fixed this in 2017. Looks like the banner needs fixing now."" ",technology,"Was fixed in 2017: Google on 'Maps fooled you' banner in Goa. Google has responded after an image of a banner in Goa warning tourists that Google Maps was showing them the wrong route to Baga Beach went viral. The banner read, ""You are fooled by Google Maps. This road [doesn't] take you to Baga beach"". Google India said, ""We...already fixed this in 2017. Looks like the banner needs fixing now."" ",fix google map fool banner goa google respond image banner goa warning tourist google map show wrong route baga beach go viral banner read fool google map road [ not ] take baga beach google india say already fix look like banner need fix
"Tech giants aren't regulated, shouldn't be let into banking: Kotak","Kotak Mahindra Bank Managing Director Uday Kotak has said technology majors like Google and Facebook should not be allowed to become banks as they don't want to be regulated. Adding that banks should not be complacent in facing competition by young companies, Kotak said within a week of demonetisation, a ""relatively unknown"" company became common among masses, hinting at Paytm.",technology,"Tech giants aren't regulated, shouldn't be let into banking: Kotak. Kotak Mahindra Bank Managing Director Uday Kotak has said technology majors like Google and Facebook should not be allowed to become banks as they don't want to be regulated. Adding that banks should not be complacent in facing competition by young companies, Kotak said within a week of demonetisation, a ""relatively unknown"" company became common among masses, hinting at Paytm.",tech giant not regulate not let banking kotak kotak mahindra bank manage director uday kotak say technology major like google facebook not allow become bank not want regulate add bank not complacent face competition young company kotak say within week demonetisation relatively unknown company become common among mass hint paytm
China unveils world's first female AI news anchor,"Chinese state-owned Xinhua news agency unveiled a female AI news anchor, which it claims to be the world's first. The anchor named 'Xin Xiaomeng' will reportedly make her debut in March during the Two Sessions political meet in China. Xinhua, which unveiled the world's first AI news anchor (male) in November last year, claims he has published over 3,400 reports.",technology,"China unveils world's first female AI news anchor. Chinese state-owned Xinhua news agency unveiled a female AI news anchor, which it claims to be the world's first. The anchor named 'Xin Xiaomeng' will reportedly make her debut in March during the Two Sessions political meet in China. Xinhua, which unveiled the world's first AI news anchor (male) in November last year, claims he has published over 3,400 reports.",china unveil world first female ai news anchor chinese state xinhua news agency unveil female ai news anchor claim world first anchor name xin xiaomeng reportedly make debut march two session political meet china xinhua unveil world first ai news anchor male november last year claim publish report
Google responds to bug showing navigation in Urdu in India,"Google has responded after several Indian users reported that a bug on Google Maps was delivering navigation instructions to them in Urdu. ""Our team is aware of the issue and they are working on a fix. Appreciate your patience,"" Google told journalist Ketan Pratap. Pratap had claimed he had not changed any settings and the bug appeared randomly.",technology,"Google responds to bug showing navigation in Urdu in India. Google has responded after several Indian users reported that a bug on Google Maps was delivering navigation instructions to them in Urdu. ""Our team is aware of the issue and they are working on a fix. Appreciate your patience,"" Google told journalist Ketan Pratap. Pratap had claimed he had not changed any settings and the bug appeared randomly.",google respond bug show navigation urdu india google respond several indian user report bug google map deliver navigation instruction urdu team aware issue work fix appreciate patience google tell journalist ketan pratap pratap claim not change setting bug appear randomly
Kerala Police inducts India's first humanoid robot officer,"Kerala Chief Minister Pinarayi Vijayan inaugurated the induction event of India's first humanoid robot 'KP-BOT', gendered female, into the Kerala Police force at the rank of Sub-Inspector. The robot, equipped with facial recognition technology, will work at the police headquarters' front desk. It will perform functions including greeting visitors and guiding them to appropriate sections. ",technology,"Kerala Police inducts India's first humanoid robot officer. Kerala Chief Minister Pinarayi Vijayan inaugurated the induction event of India's first humanoid robot 'KP-BOT', gendered female, into the Kerala Police force at the rank of Sub-Inspector. The robot, equipped with facial recognition technology, will work at the police headquarters' front desk. It will perform functions including greeting visitors and guiding them to appropriate sections. ",kerala police induct indias first humanoid robot officer kerala chief minister pinarayi vijayan inaugurate induction event indias first humanoid robot kp bot gendered female kerala police force rank sub inspector robot equip facial recognition technology work police headquarters front desk perform function include greet visitor guide appropriate section
"FB, Google to pre-verify political ads ahead of LS elections","Facebook and Google told the Bombay High Court they will employ strict ""pre-verification processes"" for political ads on their platforms ahead of 2019 Lok Sabha elections. To post a political advertisement on Facebook, Indians will need to submit ID card, issued by a valid Indian authority and provide Indian residence proof, Facebook's counsel said. Google has employed a similar process. ",technology,"FB, Google to pre-verify political ads ahead of LS elections. Facebook and Google told the Bombay High Court they will employ strict ""pre-verification processes"" for political ads on their platforms ahead of 2019 Lok Sabha elections. To post a political advertisement on Facebook, Indians will need to submit ID card, issued by a valid Indian authority and provide Indian residence proof, Facebook's counsel said. Google has employed a similar process. ",fb google pre verify political ad ahead ls election facebook google tell bombay high court employ strict pre verification process political ad platform ahead lok sabha election post political advertisement facebook indian need submit would card issue valid indian authority provide indian residence proof facebook counsel say google employ similar process
"IIT Madras develops algorithm to prevent stampedes at Kumbh, Hajj","IIT Madras researchers have developed an algorithm that can help manage crowds using minimal manpower, and prevent stampedes at crowded gatherings like Kumbh and Hajj. Researchers said that crowd movement resembles a fluid, and laws of fluid dynamics can be used to place personnel to check for disturbances. The computer simulation can also help design safe evacuation procedures, researchers added.",technology,"IIT Madras develops algorithm to prevent stampedes at Kumbh, Hajj. IIT Madras researchers have developed an algorithm that can help manage crowds using minimal manpower, and prevent stampedes at crowded gatherings like Kumbh and Hajj. Researchers said that crowd movement resembles a fluid, and laws of fluid dynamics can be used to place personnel to check for disturbances. The computer simulation can also help design safe evacuation procedures, researchers added.",iit madra develop algorithm prevent stampede kumbh hajj iit madra researcher develop algorithm help manage crowd use minimal manpower prevent stampede crowded gathering like kumbh hajj researcher say crowd movement resemble fluid law fluid dynamic use place personnel check disturbance computer simulation also help design safe evacuation procedure researcher add
Russian hackers trying to influence EU elections: Microsoft,Microsoft has claimed that Russian hackers targeted European officials and non-profit organisations in contact with government officials to influence European Union elections. About 104 individuals across six countries were targeted from September-December 2018. The attacks originated from the same group which had allegedly meddled in the 2017 French presidential elections and 2016 US elections.,technology,Russian hackers trying to influence EU elections: Microsoft. Microsoft has claimed that Russian hackers targeted European officials and non-profit organisations in contact with government officials to influence European Union elections. About 104 individuals across six countries were targeted from September-December 2018. The attacks originated from the same group which had allegedly meddled in the 2017 French presidential elections and 2016 US elections.,russian hacker try influence eu election microsoft microsoft claim russian hacker target european official non profit organisation contact government official influence european union election individual across six country target september december attack originate group allegedly meddle french presidential election us election
18-yr-old US student held for making iOS app to sell drugs,"Collin Howard, a California University Santa Cruz student, was charged for allegedly developing an iOS app called 'Banana Plug' to sell drugs. Undercover police officers used the app to purchase drugs including cocaine from the 18-year-old and arrested him on the fourth such setup. The app with tagline 'We have what you want' is still available on Apple's App Store. ",technology,"18-yr-old US student held for making iOS app to sell drugs. Collin Howard, a California University Santa Cruz student, was charged for allegedly developing an iOS app called 'Banana Plug' to sell drugs. Undercover police officers used the app to purchase drugs including cocaine from the 18-year-old and arrested him on the fourth such setup. The app with tagline 'We have what you want' is still available on Apple's App Store. ",yr old us student hold make ios app sell drug collin howard california university santa cruz student charge allegedly develop ios app call banana plug sell drug undercover police officer use app purchase drug include cocaine year old arrest fourth setup app tagline want still available apple app store
"WhatsApp bug lets users bypass Face ID, Touch ID in iPhones","Facebook-owned messaging platform WhatsApp is facing a bug which allows users to bypass the iPhone's biometric authentication, Touch ID and Face ID, if users share media to WhatsApp from other apps. The bug works if the 'require authentication' is set to anything apart from ""Immediately"" for unlocking WhatsApp. The WhatsApp screen lock feature was added to iOS earlier this month.",technology,"WhatsApp bug lets users bypass Face ID, Touch ID in iPhones. Facebook-owned messaging platform WhatsApp is facing a bug which allows users to bypass the iPhone's biometric authentication, Touch ID and Face ID, if users share media to WhatsApp from other apps. The bug works if the 'require authentication' is set to anything apart from ""Immediately"" for unlocking WhatsApp. The WhatsApp screen lock feature was added to iOS earlier this month.",whatsapp bug let user bypass face would touch would iphone facebook messaging platform whatsapp face bug allow user bypass iphone biometric authentication touch would face would user share medium whatsapp app bug work require authentication set anything apart immediately unlock whatsapp whatsapp screen lock feature add ios earlier month
"Won't let tech firms abuse data, influence elections: Prasad","IT Minister Ravi Shankar Prasad, in response to technology firms' opposition to draft social media rules, has said, ""A social media company shall not be allowed to abuse data of Indians to influence elections."" Adding that India will hold consultations with technology firms, Prasad said, ""We'll be fair...objective...but India’s sovereign right to frame rules and laws will always be there"".",technology,"Won't let tech firms abuse data, influence elections: Prasad. IT Minister Ravi Shankar Prasad, in response to technology firms' opposition to draft social media rules, has said, ""A social media company shall not be allowed to abuse data of Indians to influence elections."" Adding that India will hold consultations with technology firms, Prasad said, ""We'll be fair...objective...but India’s sovereign right to frame rules and laws will always be there"".",not let tech firm abuse datum influence election prasad minister ravi shankar prasad response technology firm opposition draft social medium rule say social medium company shall not allow abuse datum indian influence election add india hold consultation technology firm prasad say fair objective india sovereign right frame rule law always
Oculus headset users with audio issue to get free repair kit,"Facebook-owned Oculus Co-founder Palmer Luckey has announced users with initial consumer version of Rift virtual reality headset facing audio issues will receive a free repair kit. He revealed long-term use of the headphones results in the issue. ""I'm doing this because I feel bad for people who bought a Rift from me and can’t use it properly anymore,"" Luckey said.",technology,"Oculus headset users with audio issue to get free repair kit. Facebook-owned Oculus Co-founder Palmer Luckey has announced users with initial consumer version of Rift virtual reality headset facing audio issues will receive a free repair kit. He revealed long-term use of the headphones results in the issue. ""I'm doing this because I feel bad for people who bought a Rift from me and can’t use it properly anymore,"" Luckey said.",oculus headset user audio issue get free repair kit facebook oculus co founder palmer luckey announce user initial consumer version rift virtual reality headset face audio issue receive free repair kit reveal long term use headphone result issue feel bad people buy rift not use properly anymore luckey say
Huawei regularly tried to steal Apple trade secrets: Report,"Huawei has regularly been involved in ""a pattern of dubious tactics"" to steal rival technology, particularly from Apple's China-based suppliers, The Information reported. It claimed a Huawei engineer heading smartwatch project tried to gain Apple's FDA-approved heart sensor technology. US Department of Justice had earlier alleged Huawei has an employee rewards program for stealing rivals' secrets.",technology,"Huawei regularly tried to steal Apple trade secrets: Report. Huawei has regularly been involved in ""a pattern of dubious tactics"" to steal rival technology, particularly from Apple's China-based suppliers, The Information reported. It claimed a Huawei engineer heading smartwatch project tried to gain Apple's FDA-approved heart sensor technology. US Department of Justice had earlier alleged Huawei has an employee rewards program for stealing rivals' secrets.",huawei regularly try steal apple trade secret report huawei regularly involve pattern dubious tactic steal rival technology particularly apple china base supplier information report claim huawei engineer head smartwatch project try gain apple fda approve heart sensor technology us department justice earlier allege huawei employee reward program steal rival secret
"Google fails to disclose mic on alarm system, criticised","Google has been criticised for failing to disclose existence of microphone on its Nest Secure home security alarm system, revealed only after Google decided to incorporate Assistant-based voice controls which use it. Google said it was ""never intended to be a secret"". ""It should've been listed in tech specs...that was an error on our part,"" Google said.",technology,"Google fails to disclose mic on alarm system, criticised. Google has been criticised for failing to disclose existence of microphone on its Nest Secure home security alarm system, revealed only after Google decided to incorporate Assistant-based voice controls which use it. Google said it was ""never intended to be a secret"". ""It should've been listed in tech specs...that was an error on our part,"" Google said.",google fail disclose mic alarm system criticise google criticise fail disclose existence microphone nest secure home security alarm system reveal google decide incorporate assistant base voice control use google say never intend secret list tech spec error part google say
Robot Science Museum in South Korea to be built using robots,"Turkish firm Melike Altinisik Architects has won the international competition to design the ""world's first pioneer"" Robot Science Museum in Seoul, South Korea, which it claims will be built using robots. ""From design, manufacturing to construction and services, robots will be in charge,"" the firm said. ""RSM will start its first exhibition with its own construction by robots,"" it added.",technology,"Robot Science Museum in South Korea to be built using robots. Turkish firm Melike Altinisik Architects has won the international competition to design the ""world's first pioneer"" Robot Science Museum in Seoul, South Korea, which it claims will be built using robots. ""From design, manufacturing to construction and services, robots will be in charge,"" the firm said. ""RSM will start its first exhibition with its own construction by robots,"" it added.",robot science museum south korea build use robot turkish firm melike altinisik architect win international competition design world first pioneer robot science museum seoul south korea claim build use robot design manufacture construction service robot charge firm say rsm start first exhibition construction robot add
"London startup makes finger-worn controller for devices, AR","London-based hardware and software startup LITHO has created the first publicly available version of its finger-worn device that can control smart devices and ""spatial interactions"" in augmented reality (AR). The device connects to a smartphone or AR headset via Bluetooth Low Energy. The controller was unveiled before the British Royal family at the 'Pitch@Palace' event last year.",technology,"London startup makes finger-worn controller for devices, AR. London-based hardware and software startup LITHO has created the first publicly available version of its finger-worn device that can control smart devices and ""spatial interactions"" in augmented reality (AR). The device connects to a smartphone or AR headset via Bluetooth Low Energy. The controller was unveiled before the British Royal family at the 'Pitch@Palace' event last year.",london startup make finger wear controller device ar london base hardware software startup litho create first publicly available version finger wear device control smart device spatial interaction augment reality ar device connect smartphone ar headset via bluetooth low energy controller unveil british royal family pitchpalace event last year
CERN recreates 1st-ever web browser to surf like in 1990,"The European Organisation for Nuclear Research (CERN) has rebuilt the first-ever web browser 'WorldWideWeb' to celebrate its 30th anniversary and allow present-day internet users to experience it. The original browser was created by Sir Tim Berners-Lee and launched in the year 1990. WorldWideWeb, the only web browser and editor of its time, was discontinued in 1994.",technology,"CERN recreates 1st-ever web browser to surf like in 1990. The European Organisation for Nuclear Research (CERN) has rebuilt the first-ever web browser 'WorldWideWeb' to celebrate its 30th anniversary and allow present-day internet users to experience it. The original browser was created by Sir Tim Berners-Lee and launched in the year 1990. WorldWideWeb, the only web browser and editor of its time, was discontinued in 1994.",cern recreate st ever web browser surf like european organisation nuclear research cern rebuild first ever web browser worldwideweb celebrate th anniversary allow present day internet user experience original browser create sir tim berner lee launch year worldwideweb web browser editor time discontinue
Intel buys Hyderabad semiconductor startup to make GPU chips,"American chipmaker Intel has acquihired Hyderabad-based semiconductor startup Ineda Systems for an undisclosed amount. Around 100 engineers from the startup will join Intel to ""help build a world-class discrete GPU (Graphics Processing Unit) business"". Founded in 2010, Ineda has raised around $60 million cumulatively from investors including Qualcomm Ventures, Samsung Catalyst Fund among others.",technology,"Intel buys Hyderabad semiconductor startup to make GPU chips. American chipmaker Intel has acquihired Hyderabad-based semiconductor startup Ineda Systems for an undisclosed amount. Around 100 engineers from the startup will join Intel to ""help build a world-class discrete GPU (Graphics Processing Unit) business"". Founded in 2010, Ineda has raised around $60 million cumulatively from investors including Qualcomm Ventures, Samsung Catalyst Fund among others.",intel buy hyderabad semiconductor startup make gpu chip american chipmaker intel acquihir hyderabad base semiconductor startup ineda system undisclosed amount around engineer startup join intel help build world class discrete gpu graphic processing unit business found ineda raise around million cumulatively investor include qualcomm venture samsung catalyst fund among
"Nestlé, others pull YouTube ads over child porn controversy","Companies including Nestlé and 'Fortnite' maker Epic Games have ""paused"" advertising on YouTube while Disney has also reportedly withheld its YouTube ads spending. This comes after video blogger Matt Watson alleged YouTube's 'recommended' algorithm let paedophiles share ""child pornography"" links via comments on videos that ran brand ads. YouTube said it took immediate action by deleting accounts.",technology,"Nestlé, others pull YouTube ads over child porn controversy. Companies including Nestlé and 'Fortnite' maker Epic Games have ""paused"" advertising on YouTube while Disney has also reportedly withheld its YouTube ads spending. This comes after video blogger Matt Watson alleged YouTube's 'recommended' algorithm let paedophiles share ""child pornography"" links via comments on videos that ran brand ads. YouTube said it took immediate action by deleting accounts.",nestle pull youtube ad child porn controversy company include nestle fortnite maker epic game pause advertising youtube disney also reportedly withhold youtube ad spending come video blogger matt watson allege youtube recommend algorithm let paedophile share child pornography link via comment video run brand ad youtube say take immediate action delete account
"Fake email tried to end 'Fortnite' dance lawsuit, says law firm","The US law firm leading a lawsuit against online multiplayer game Fortnite's maker for allegedly illegally copying dance moves claimed a fake email impersonating its lawyer was sent to undermine the case. The email sent to US Copyright Office read, ""I would like for our copyright claims to be terminated...because they're false"". The office informed the lawyer about the email. ",technology,"Fake email tried to end 'Fortnite' dance lawsuit, says law firm. The US law firm leading a lawsuit against online multiplayer game Fortnite's maker for allegedly illegally copying dance moves claimed a fake email impersonating its lawyer was sent to undermine the case. The email sent to US Copyright Office read, ""I would like for our copyright claims to be terminated...because they're false"". The office informed the lawyer about the email. ",fake email try end fortnite dance lawsuit say law firm us law firm lead lawsuit online multiplayer game fortnite maker allegedly illegally copy dance move claim fake email impersonate lawyer send undermine case email send us copyright office read would like copyright claim terminate false office inform lawyer email
PM Modi inaugurates supercomputer 'PARAM Shivay' at IIT-BHU,"Prime Minister Narendra Modi on Wednesday inaugurated a supercomputer named 'PARAM Shivay' of 833 teraflop capacity built for ₹32.5 crore, at IIT-Banaras Hindu University. The supercomputer was built under the ₹4,500-crore National Supercomputing Mission (NSM), under which 73 supercomputers would be installed. A postal stamp was also released by PM Modi on the centenary year of the institute.",technology,"PM Modi inaugurates supercomputer 'PARAM Shivay' at IIT-BHU. Prime Minister Narendra Modi on Wednesday inaugurated a supercomputer named 'PARAM Shivay' of 833 teraflop capacity built for ₹32.5 crore, at IIT-Banaras Hindu University. The supercomputer was built under the ₹4,500-crore National Supercomputing Mission (NSM), under which 73 supercomputers would be installed. A postal stamp was also released by PM Modi on the centenary year of the institute.",pm modi inaugurate supercomputer param shivay iit bhu prime minister narendra modi wednesday inaugurate supercomputer name param shivay teraflop capacity build crore iit banaras hindu university supercomputer build crore national supercomputing mission nsm supercomputer would instal postal stamp also release pm modi centenary year institute
RBI warns installing AnyDesk app may cause phone data theft,"
The Reserve Bank of India has warned against the download of 'AnyDesk' app, saying it was being used by hackers to access phone data and facilitate financial theft. Once installed, AnyDesk reportedly generates a nine-digit code and seeks users' permission to access phone controls on inserting it. It then allegedly steals confidential data to process fraudulent transactions via payments apps.",technology,"RBI warns installing AnyDesk app may cause phone data theft. 
The Reserve Bank of India has warned against the download of 'AnyDesk' app, saying it was being used by hackers to access phone data and facilitate financial theft. Once installed, AnyDesk reportedly generates a nine-digit code and seeks users' permission to access phone controls on inserting it. It then allegedly steals confidential data to process fraudulent transactions via payments apps.",rbi warn instal anydesk app may phone datum theft reserve bank india warn download anydesk app say use hacker access phone datum facilitate financial theft instal anydesk reportedly generate nine digit code seek user permission access phone control insert allegedly steal confidential datum process fraudulent transaction via payment app
Audi tool lets drivers avoid red lights by suggesting speeds,"Audi has made a Green Light Optimisation Speed Advisory tool that recommends speeds to drivers to help them avoid red traffic lights. The tool, which is an extension of the automaker's Traffic Light Information (TLI) technology, uses traffic signal data and vehicle position to calculate ideal speeds. Audi gets information wirelessly from traffic signals, upgraded to support such communications.",technology,"Audi tool lets drivers avoid red lights by suggesting speeds. Audi has made a Green Light Optimisation Speed Advisory tool that recommends speeds to drivers to help them avoid red traffic lights. The tool, which is an extension of the automaker's Traffic Light Information (TLI) technology, uses traffic signal data and vehicle position to calculate ideal speeds. Audi gets information wirelessly from traffic signals, upgraded to support such communications.",audi tool let driver avoid red light suggest speed audi make green light optimisation speed advisory tool recommend speed driver help avoid red traffic light tool extension automaker traffic light information tli technology use traffic signal datum vehicle position calculate ideal speed audi get information wirelessly traffic signal upgrade support communication
Cheteshwar Pujara slams his first ever T20 hundred off 61 balls,"Cheteshwar Pujara slammed his first ever T20 hundred off 61 balls, achieving the feat while playing for Saurashtra against Railways in the Syed Mushtaq Ali Trophy on Thursday. The 31-year-old hit 14 fours and a six during his unbeaten knock of 100 runs. Prior to this, Pujara had played 50 T20 innings, hitting six fifties.",sports,"Cheteshwar Pujara slams his first ever T20 hundred off 61 balls. Cheteshwar Pujara slammed his first ever T20 hundred off 61 balls, achieving the feat while playing for Saurashtra against Railways in the Syed Mushtaq Ali Trophy on Thursday. The 31-year-old hit 14 fours and a six during his unbeaten knock of 100 runs. Prior to this, Pujara had played 50 T20 innings, hitting six fifties.",cheteshwar pujara slam first ever hundred ball cheteshwar pujara slam first ever hundred ball achieve feat play saurashtra railway syed mushtaq ali trophy thursday year old hit four six unbeaten knock run prior pujara play inning hit six fifty
SC appoints its former judge DK Jain as BCCI Ombudsman,The Supreme Court on Thursday appointed its former judge Justice DK Jain as the first Ombudsman of the BCCI to resolve disputes under the cricket board's new constitution. Justice Jain has been asked to take charge immediately. He will decide quantum of punishments for KL Rahul and Hardik Pandya over their comments on women in 'Koffee with Karan'. ,sports,SC appoints its former judge DK Jain as BCCI Ombudsman. The Supreme Court on Thursday appointed its former judge Justice DK Jain as the first Ombudsman of the BCCI to resolve disputes under the cricket board's new constitution. Justice Jain has been asked to take charge immediately. He will decide quantum of punishments for KL Rahul and Hardik Pandya over their comments on women in 'Koffee with Karan'. ,sc appoint former judge dk jain bcci ombudsman supreme court thursday appoint former judge justice dk jain first ombudsman bcci resolve dispute cricket board new constitution justice jain ask take charge immediately decide quantum punishment kl rahul hardik pandya comment woman koffee karan
India have the right to pull out of World Cup match vs Pak: Akhtar,"Ex-Pakistan pacer Shoaib Akhtar has said India have the right to pull out of 2019 World Cup match against Pakistan scheduled to take place on June 16. ""Their country was attacked...You cannot argue on that,"" he added. ""We strongly condemn...loss of lives. But...we'll stand by our Prime Minister Imran Khan's statement without having a second thought,"" he further said.",sports,"India have the right to pull out of World Cup match vs Pak: Akhtar. Ex-Pakistan pacer Shoaib Akhtar has said India have the right to pull out of 2019 World Cup match against Pakistan scheduled to take place on June 16. ""Their country was attacked...You cannot argue on that,"" he added. ""We strongly condemn...loss of lives. But...we'll stand by our Prime Minister Imran Khan's statement without having a second thought,"" he further said.",india right pull world cup match vs pak akhtar ex pakistan pacer shoaib akhtar say india right pull world cup match pakistan schedule take place june country attack not argue add strongly condemn loss life stand prime minister imran khan statement without second thought say
Banning cricket with Pakistan a justified demand: Union Minister,"Union Minister Ravi Shankar Prasad has said that banning cricket with Pakistan is a justified demand following the Pulwama terror attack, in which 40 CRPF jawans were martyred. ""It's time to say no...Pakistan Prime Minister Imran Khan had no word of condolence for those who were martyred,"" he added. ""Things are not normal,"" he further said.",sports,"Banning cricket with Pakistan a justified demand: Union Minister. Union Minister Ravi Shankar Prasad has said that banning cricket with Pakistan is a justified demand following the Pulwama terror attack, in which 40 CRPF jawans were martyred. ""It's time to say no...Pakistan Prime Minister Imran Khan had no word of condolence for those who were martyred,"" he added. ""Things are not normal,"" he further said.",ban cricket pakistan justified demand union minister union minister ravi shankar prasad say ban cricket pakistan justified demand follow pulwama terror attack crpf jawan martyr time say no pakistan prime minister imran khan no word condolence martyr add thing not normal say
"Even if we don't play 2019 World Cup, it won’t matter: Harbhajan","Cricketer Harbhajan Singh has said India shouldn't play cricket against Pakistan at all after Pulwama attack, wherein 40 CRPF jawans were martyred. ""World Cup is very small when it comes to the country. Even if we don't play World Cup...it won't matter,"" he added. ""It's not right to keep playing sports with Pakistan when our soldiers are dying,"" he stated.",sports,"Even if we don't play 2019 World Cup, it won’t matter: Harbhajan. Cricketer Harbhajan Singh has said India shouldn't play cricket against Pakistan at all after Pulwama attack, wherein 40 CRPF jawans were martyred. ""World Cup is very small when it comes to the country. Even if we don't play World Cup...it won't matter,"" he added. ""It's not right to keep playing sports with Pakistan when our soldiers are dying,"" he stated.",even not play world cup not matter harbhajan cricketer harbhajan singh say india not play cricket pakistan pulwama attack wherein crpf jawan martyr world cup small come country even not play world cup not matter add not right keep play sport pakistan soldier die state
India could be banned if they don't play Pak in WC: Chetan Chauhan,"Ex-India opener and UP Sports Minister Chetan Chauhan has said India would have to face consequences if they pull out of the World Cup match against Pakistan. ""We could be fined or banned...I think government and BCCI will consider this,"" he added. He further said that if India forfeit the match, it'd be detrimental for the team in World Cup. ",sports,"India could be banned if they don't play Pak in WC: Chetan Chauhan. Ex-India opener and UP Sports Minister Chetan Chauhan has said India would have to face consequences if they pull out of the World Cup match against Pakistan. ""We could be fined or banned...I think government and BCCI will consider this,"" he added. He further said that if India forfeit the match, it'd be detrimental for the team in World Cup. ",india could ban not play pak wc chetan chauhan ex india opener sport minister chetan chauhan say india would face consequence pull world cup match pakistan could fin ban think government bcci consider add say india forfeit match would detrimental team world cup
"Photos of Imran Khan, other Pak cricketers removed from Chinnaswamy","In a protest against Pulwama attack, Karnataka State Cricket Association removed the photographs of Pakistani cricketers, including Imran Khan, from Bengaluru's Chinnaswamy Stadium. Earlier, pictures of Pakistani cricketers were removed from stadiums in Mohali, Jaipur and Dharamshala. Pakistan-based Jaish-e-Mohammed claimed the responsibility for the attack, in which 40 CRPF jawans were martyred. ",sports,"Photos of Imran Khan, other Pak cricketers removed from Chinnaswamy. In a protest against Pulwama attack, Karnataka State Cricket Association removed the photographs of Pakistani cricketers, including Imran Khan, from Bengaluru's Chinnaswamy Stadium. Earlier, pictures of Pakistani cricketers were removed from stadiums in Mohali, Jaipur and Dharamshala. Pakistan-based Jaish-e-Mohammed claimed the responsibility for the attack, in which 40 CRPF jawans were martyred. ",photo imran khan pak cricketer remove chinnaswamy protest pulwama attack karnataka state cricket association remove photograph pakistani cricketer include imran khan bengalurus chinnaswamy stadium earlier picture pakistani cricketer remove stadium mohali jaipur dharamshala pakistan base jaish e mohammed claim responsibility attack crpf jawan martyr
Gayle 1st to hit 100 sixes vs one opponent in international cricket,"Chris Gayle slammed 12 sixes against England in first ODI on Wednesday to take his tally of international sixes against them to 100. With this, he became the first-ever batsman to smash 100 sixes against one opponent in international cricket. The 39-year-old has hit 57 sixes in 31 ODIs, 28 in 11 T20Is and 15 in 20 Tests against England.",sports,"Gayle 1st to hit 100 sixes vs one opponent in international cricket. Chris Gayle slammed 12 sixes against England in first ODI on Wednesday to take his tally of international sixes against them to 100. With this, he became the first-ever batsman to smash 100 sixes against one opponent in international cricket. The 39-year-old has hit 57 sixes in 31 ODIs, 28 in 11 T20Is and 15 in 20 Tests against England.",gayle st hit six vs one opponent international cricket chris gayle slam six england first odi wednesday take tally international six become first ever batsman smash six one opponent international cricket year old hit six odi tis test england
"WI slam 23 sixes, set world record for most 6s by a team in an ODI",Windies smashed a total of 23 sixes in the first ODI against England on Wednesday to set the world record for hitting most sixes by a team in an ODI. The previous record (22 sixes) was set by New Zealand against Windies in 2014. This is the fourth instance of a team slamming at least 20 sixes in an ODI.,sports,"WI slam 23 sixes, set world record for most 6s by a team in an ODI. Windies smashed a total of 23 sixes in the first ODI against England on Wednesday to set the world record for hitting most sixes by a team in an ODI. The previous record (22 sixes) was set by New Zealand against Windies in 2014. This is the fourth instance of a team slamming at least 20 sixes in an ODI.",wi slam six set world record team odi windie smash total six first odi england wednesday set world record hit six team odi previous record six set new zealand windie fourth instance team slam least six odi
We received 4 lakh ticket applications for India-Pak WC match: ICC,"ICC has received over four lakh applications for tickets of India-Pakistan 2019 World Cup match which is scheduled to take place on June 16 in Manchester, tournament managing director Steve Elworthy revealed. ""The stadium (Old Trafford) only holds 25,000 people. So there're a number of disappointed people,"" he added. He further said they received 2.6-2.7 lakh applications for the final. ",sports,"We received 4 lakh ticket applications for India-Pak WC match: ICC. ICC has received over four lakh applications for tickets of India-Pakistan 2019 World Cup match which is scheduled to take place on June 16 in Manchester, tournament managing director Steve Elworthy revealed. ""The stadium (Old Trafford) only holds 25,000 people. So there're a number of disappointed people,"" he added. He further said they received 2.6-2.7 lakh applications for the final. ",receive lakh ticket application india pak wc match icc icc receive four lakh application ticket india pakistan world cup match schedule take place june manchester tournament manage director steve elworthy reveal stadium old trafford hold people number disappointed people add say receive lakh application final
"Barça held to 0-0 draw by Lyon in CL, their 4th draw in 5 matches","Barcelona were held to a scoreless draw by Lyon in the Champions League Round of 16 first leg on Tuesday. Barcelona, who failed to score despite 25 shots in the match, have been held to a draw in four of their last five matches across competitions. Elsewhere, Liverpool and Bayern Munich also played out a goalless draw. ",sports,"Barça held to 0-0 draw by Lyon in CL, their 4th draw in 5 matches. Barcelona were held to a scoreless draw by Lyon in the Champions League Round of 16 first leg on Tuesday. Barcelona, who failed to score despite 25 shots in the match, have been held to a draw in four of their last five matches across competitions. Elsewhere, Liverpool and Bayern Munich also played out a goalless draw. ",barca hold draw lyon cl th draw match barcelona hold scoreless draw lyon champion league round first leg tuesday barcelona fail score despite shot match hold draw four last five match across competition elsewhere liverpool bayern munich also play goalless draw
SC asks CoA's Rai and Edulji to not go public over differences,"The Supreme Court today pulled up CoA members Vinod Rai and Diana Edulji for their public stand-offs. ""We've heard in newspaper reports that some sparring is going on between CoA members...Nobody should bring it in the public domain,"" the bench comprising Justices SA Bobde and AM Sapre said. The court added a third member will be added to the CoA. ",sports,"SC asks CoA's Rai and Edulji to not go public over differences. The Supreme Court today pulled up CoA members Vinod Rai and Diana Edulji for their public stand-offs. ""We've heard in newspaper reports that some sparring is going on between CoA members...Nobody should bring it in the public domain,"" the bench comprising Justices SA Bobde and AM Sapre said. The court added a third member will be added to the CoA. ",sc ask coas rai edulji not go public difference supreme court today pull coa member vinod rai diana edulji public stand hear newspaper report sparring go coa member nobody bring public domain bench comprise justice sa bobde sapre say court add third member add coa
"Chris Gayle scores 10 off 34 balls, completes 100 off 100 balls","Windies' opener Chris Gayle, who scored 10 runs off 34 balls, reached his hundred off just 100 balls in the first ODI against England on Wednesday. The 39-year-old has smashed nine sixes and three fours in the match so far. Gayle, who has slammed most ODI hundreds by a Windies player, has now hit 24 tons in the format.",sports,"Chris Gayle scores 10 off 34 balls, completes 100 off 100 balls. Windies' opener Chris Gayle, who scored 10 runs off 34 balls, reached his hundred off just 100 balls in the first ODI against England on Wednesday. The 39-year-old has smashed nine sixes and three fours in the match so far. Gayle, who has slammed most ODI hundreds by a Windies player, has now hit 24 tons in the format.",chris gayle score ball complete ball windie opener chris gayle score run ball reach hundred ball first odi england wednesday year old smash nine six three four match far gayle slam odi hundred windie player hit ton format
BCCI reserves right regarding participation in World Cup: Treasurer,"BCCI Treasurer Anirudh Chaudhry has said that the BCCI hasn't signed the Members Participation Agreement (MPA) yet and that gave the board the right to decide on whether India will play against Pakistan in the World Cup. ""BCCI reserves all its rights...regarding its participation in any other multi-nation tournament or games not covered by the MPA,"" he added.",sports,"BCCI reserves right regarding participation in World Cup: Treasurer. BCCI Treasurer Anirudh Chaudhry has said that the BCCI hasn't signed the Members Participation Agreement (MPA) yet and that gave the board the right to decide on whether India will play against Pakistan in the World Cup. ""BCCI reserves all its rights...regarding its participation in any other multi-nation tournament or games not covered by the MPA,"" he added.",bcci reserve right regard participation world cup treasurer bcci treasurer anirudh chaudhry say bcci not sign member participation agreement mpa yet give board right decide whether india play pakistan world cup bcci reserve right regard participation multi nation tournament game not cover mpa add
Chris Gayle smashes 10+ sixes in an ODI innings for record 3rd time,"Windies opener Chris Gayle smashed 12 sixes in his 135-run knock in the first ODI against England on Wednesday, becoming the first batsman to slam 10-plus sixes in an ODI on three different instances. The 39-year-old had smashed 11 sixes against UAE in March last year and had slammed 16 sixes against Zimbabwe in a World Cup match in 2015.",sports,"Chris Gayle smashes 10+ sixes in an ODI innings for record 3rd time. Windies opener Chris Gayle smashed 12 sixes in his 135-run knock in the first ODI against England on Wednesday, becoming the first batsman to slam 10-plus sixes in an ODI on three different instances. The 39-year-old had smashed 11 sixes against UAE in March last year and had slammed 16 sixes against Zimbabwe in a World Cup match in 2015.",chris gayle smash six odi inning record rd time windie opener chris gayle smash six run knock first odi england wednesday become first batsman slam plus six odi three different instance year old smash six uae march last year slam six zimbabwe world cup match
"Mass crash damages 21 cars during race, drivers escape uninjured","As many as 21 cars were damaged in a mass crash during the Daytona 500 NASCAR motor race. The race had 10 of its 200 laps left when a racer turned his opponent's car, which slammed into the wall and began to spin. The 21-car accident led to sparks flying and debris littering the track, however, all drivers escaped uninjured. ",sports,"Mass crash damages 21 cars during race, drivers escape uninjured. As many as 21 cars were damaged in a mass crash during the Daytona 500 NASCAR motor race. The race had 10 of its 200 laps left when a racer turned his opponent's car, which slammed into the wall and began to spin. The 21-car accident led to sparks flying and debris littering the track, however, all drivers escaped uninjured. ",mass crash damage car race driver escape uninjured many car damage mass crash daytona nascar motor race race lap leave racer turn opponent car slam wall begin spin car accident lead spark fly debris litter track however driver escape uninjured
I spent two days at home crying: Brazil's Neymar on latest injury,"World’s most expensive footballer Neymar has revealed he spent two days at home crying after injuring his foot for the second time in a year. ""The first time I hurt myself I said, 'It has to be fixed as quickly as possible'. I wasn't sad,"" he said. ""This time I had a tough time getting over it,"" the Brazilian added.",sports,"I spent two days at home crying: Brazil's Neymar on latest injury. World’s most expensive footballer Neymar has revealed he spent two days at home crying after injuring his foot for the second time in a year. ""The first time I hurt myself I said, 'It has to be fixed as quickly as possible'. I wasn't sad,"" he said. ""This time I had a tough time getting over it,"" the Brazilian added.",spend two day home crying brazil neymar late injury world expensive footballer neymar reveal spend two day home cry injure foot second time year first time hurt say fix quickly possible not sad say time tough time get brazilian add
2015 WC humiliation best thing to happen to English cricket: Swann,"Ex-England off-spinner Graeme Swann has said being humiliated at 2015 World Cup was the best thing to happen to English cricket. ""We were slaughtered by teams we should have been equal to,"" he added. ""Eoin Morgan has taken the team by the scruff of the neck and we've been exceptional ever since,"" he further said.",sports,"2015 WC humiliation best thing to happen to English cricket: Swann. Ex-England off-spinner Graeme Swann has said being humiliated at 2015 World Cup was the best thing to happen to English cricket. ""We were slaughtered by teams we should have been equal to,"" he added. ""Eoin Morgan has taken the team by the scruff of the neck and we've been exceptional ever since,"" he further said.",wc humiliation good thing happen english cricket swann ex england spinner graeme swann say humiliate world cup good thing happen english cricket slaughter team equal add eoin morgan take team scruff neck exceptional ever since say
"Not just sports, India should cut all ties with Pakistan: Ganguly","In the wake of Pulwama attack, ex-India captain Sourav Ganguly said that India should not only just stop playing cricket, hockey, or football with Pakistan but should cut all ties with them. Adding that India should send a strong message, Ganguly said, ""I feel if India doesn't play a match in the World Cup, it won't be an issue.""",sports,"Not just sports, India should cut all ties with Pakistan: Ganguly. In the wake of Pulwama attack, ex-India captain Sourav Ganguly said that India should not only just stop playing cricket, hockey, or football with Pakistan but should cut all ties with them. Adding that India should send a strong message, Ganguly said, ""I feel if India doesn't play a match in the World Cup, it won't be an issue.""",not sport india cut tie pakistan ganguly wake pulwama attack ex india captain sourav ganguly say india not stop play cricket hockey football pakistan cut tie add india send strong message ganguly say feel india not play match world cup not issue
What mystery? Sab bakwas hai: Kuldeep on 'mystery bowler' tag,"Talking about being called a mystery spinner, India Chinaman bowler Kuldeep Yadav said, ""What mystery? Sab bakwas hai (Everything is rubbish)."" ""I'm using same weapons like Ash bhai (Ravichandran Ashwin)— flight, drip, drift and turn— only that I'm a wrist spinner and he's a finger spinner,"" he added. Notably, the 24-year-old has taken 77 wickets in 39 ODIs so far.",sports,"What mystery? Sab bakwas hai: Kuldeep on 'mystery bowler' tag. Talking about being called a mystery spinner, India Chinaman bowler Kuldeep Yadav said, ""What mystery? Sab bakwas hai (Everything is rubbish)."" ""I'm using same weapons like Ash bhai (Ravichandran Ashwin)— flight, drip, drift and turn— only that I'm a wrist spinner and he's a finger spinner,"" he added. Notably, the 24-year-old has taken 77 wickets in 39 ODIs so far.",mystery sab bakwas hai kuldeep mystery bowler tag talk call mystery spinner india chinaman bowler kuldeep yadav say mystery sab bakwas hai everything rubbish use weapon like ash bhai ravichandran ashwin flight drip drift turn wrist spinner finger spinner add notably year old take wicket odi far
Gayle breaks Afridi's record of most sixes in international cricket,"Windies' opener Chris Gayle smashed his 477th six in international cricket during the first ODI against England today, breaking ex-Pakistan captain Shahid Afridi's record of hitting most sixes in international cricket. Gayle achieved the feat in his 514th international innings. The 39-year-old has slammed 103 sixes in T20Is, 276 in ODIs and 98 in Test cricket.",sports,"Gayle breaks Afridi's record of most sixes in international cricket. Windies' opener Chris Gayle smashed his 477th six in international cricket during the first ODI against England today, breaking ex-Pakistan captain Shahid Afridi's record of hitting most sixes in international cricket. Gayle achieved the feat in his 514th international innings. The 39-year-old has slammed 103 sixes in T20Is, 276 in ODIs and 98 in Test cricket.",gayle break afridis record six international cricket windie opener chris gayle smash th six international cricket first odi england today break ex pakistan captain shahid afridis record hit six international cricket gayle achieve feat th international inning year old slam six tis odi test cricket
England register ODI cricket history’s 3rd highest successful chase,"England chased down the target of 361 against Windies in the first ODI on Wednesday to register the overall third highest successful ODI run chase and their highest successful ODI run chase. The match witnessed Windies smash 23 sixes, the most by a team in an ODI. England opener Jason Roy was named Man of the Match for his 123(85).",sports,"England register ODI cricket history’s 3rd highest successful chase. England chased down the target of 361 against Windies in the first ODI on Wednesday to register the overall third highest successful ODI run chase and their highest successful ODI run chase. The match witnessed Windies smash 23 sixes, the most by a team in an ODI. England opener Jason Roy was named Man of the Match for his 123(85).",england register odi cricket history rd high successful chase england chase target windie first odi wednesday register overall third high successful odi run chase high successful odi run chase match witness windie smash six team odi england opener jason roy name man match
"Pandya ruled out of T20I, ODI series vs Australia due to back issue","Hardik Pandya has been ruled out of India's upcoming T20I and ODI series against Australia due to lower back stiffness, the BCCI said. The 25-year-old all-rounder will undergo strength and conditioning training at the National Cricket Academy in Bengaluru from next week. All-rounder Ravindra Jadeja will replace Pandya in ODI squad, while no replacements were named for T20I squad.",sports,"Pandya ruled out of T20I, ODI series vs Australia due to back issue. Hardik Pandya has been ruled out of India's upcoming T20I and ODI series against Australia due to lower back stiffness, the BCCI said. The 25-year-old all-rounder will undergo strength and conditioning training at the National Cricket Academy in Bengaluru from next week. All-rounder Ravindra Jadeja will replace Pandya in ODI squad, while no replacements were named for T20I squad.",pandya rule ti odi series vs australia due back issue hardik pandya rule india upcom ti odi series australia due lower back stiffness bcci say year old round undergo strength conditioning training national cricket academy bengaluru next week round ravindra jadeja replace pandya odi squad no replacement name ti squad
"Shreyas Iyer slams 55-ball 147, highest ever T20 score by an Indian","Mumbai's Shreyas Iyer smashed 147 runs off 55 balls against Sikkim in Syed Mushtaq Ali Trophy on Thursday to register the highest ever score by an Indian in T20 cricket. The 24-year-old slammed 15 sixes and seven fours during his knock. The previous record was set by Rishabh Pant, who slammed 128*(63) for Delhi Daredevils against SunRisers Hyderabad last year. ",sports,"Shreyas Iyer slams 55-ball 147, highest ever T20 score by an Indian. Mumbai's Shreyas Iyer smashed 147 runs off 55 balls against Sikkim in Syed Mushtaq Ali Trophy on Thursday to register the highest ever score by an Indian in T20 cricket. The 24-year-old slammed 15 sixes and seven fours during his knock. The previous record was set by Rishabh Pant, who slammed 128*(63) for Delhi Daredevils against SunRisers Hyderabad last year. ",shreyas iyer slam ball high ever score indian mumbais shreya iyer smash run ball sikkim syed mushtaq ali trophy thursday register high ever score indian cricket year old slam six seven four knock previous record set rishabh pant slam delhi daredevil sunriser hyderabad last year
Supreme Court appoints Lt General Ravi Thodge as 3rd member of CoA,"The Supreme Court today appointed Indian Army's former Master-General of Ordnance (MGO), Lt General Ravi Thodge as the third member of the Vinod Rai-led Committee of Administrators, which is overseeing BCCI's affairs. CoA initially had four members but after the resignation of historian Ramachandra Guha and National Stock Exchange CEO Vikram Limaye, only two members were left in CoA. ",sports,"Supreme Court appoints Lt General Ravi Thodge as 3rd member of CoA. The Supreme Court today appointed Indian Army's former Master-General of Ordnance (MGO), Lt General Ravi Thodge as the third member of the Vinod Rai-led Committee of Administrators, which is overseeing BCCI's affairs. CoA initially had four members but after the resignation of historian Ramachandra Guha and National Stock Exchange CEO Vikram Limaye, only two members were left in CoA. ",supreme court appoint lt general ravi thodge rd member coa supreme court today appoint indian army former master general ordnance mgo lt general ravi thodge third member vinod rai lead committee administrator oversee bccis affair coa initially four member resignation historian ramachandra guha national stock exchange ceo vikram limaye two member leave coa
Pak bans Mumbai attack mastermind Hafiz Saeed-led Jamaat-ud-Dawa,"Days after the Pulwama terror attack, Pakistan Prime Minister Imran Khan on Thursday reinstated the ban on 2008 Mumbai attack mastermind Hafiz Saeed-led organisation Jamaat-ud-Dawa and its charity wing Falah-e-Insaniat Foundation. The decision was taken at the National Security Committee (NSC) meeting at the Pakistan PM's office. Earlier, the two outfits were kept on the watchlist of Pakistan's Interior Ministry.",world,"Pak bans Mumbai attack mastermind Hafiz Saeed-led Jamaat-ud-Dawa. Days after the Pulwama terror attack, Pakistan Prime Minister Imran Khan on Thursday reinstated the ban on 2008 Mumbai attack mastermind Hafiz Saeed-led organisation Jamaat-ud-Dawa and its charity wing Falah-e-Insaniat Foundation. The decision was taken at the National Security Committee (NSC) meeting at the Pakistan PM's office. Earlier, the two outfits were kept on the watchlist of Pakistan's Interior Ministry.",pak ban mumbai attack mastermind hafiz saeed lead jamaat ud dawa day pulwama terror attack pakistan prime minister imran khan thursday reinstate ban mumbai attack mastermind hafiz saeed lead organisation jamaat ud dawa charity wing falah e insaniat foundation decision take national security committee nsc meeting pakistan pms office earlier two outfit keep watchlist pakistan interior ministry
"After $20 billion in Pakistan, Saudi to invest $100 billion in India","The Ministry of External Affairs (MEA) said Saudi Arabia will invest $100 billion in India and called it ""a huge vote of confidence in the Indian economy."" ""PM Narendra Modi welcomed Saudi Crown Prince Mohammed bin Salman's announcement to invest in areas like energy, refining and infrastructure,"" MEA said. Crown Prince arrived for a two-day visit in India on Tuesday.",world,"After $20 billion in Pakistan, Saudi to invest $100 billion in India. The Ministry of External Affairs (MEA) said Saudi Arabia will invest $100 billion in India and called it ""a huge vote of confidence in the Indian economy."" ""PM Narendra Modi welcomed Saudi Crown Prince Mohammed bin Salman's announcement to invest in areas like energy, refining and infrastructure,"" MEA said. Crown Prince arrived for a two-day visit in India on Tuesday.",billion pakistan saudi invest billion india ministry external affair mea say saudi arabia invest billion india call huge vote confidence indian economy pm narendra modi welcome saudi crown prince mohammed bin salman announcement invest area like energy refining infrastructure mea say crown prince arrive two day visit india tuesday
69 dead in fire in apartments used as chemical stores in Bangladesh,"At least 69 people have been killed in fire in apartment buildings, which were also used as chemical warehouses in Bangladesh's capital Dhaka, a fire official said. There was a traffic jam when the blast took place, due to which several people couldn't escape the buildings, where highly combustible chemicals, body sprays and plastic granules caught fire, officials added.",world,"69 dead in fire in apartments used as chemical stores in Bangladesh. At least 69 people have been killed in fire in apartment buildings, which were also used as chemical warehouses in Bangladesh's capital Dhaka, a fire official said. There was a traffic jam when the blast took place, due to which several people couldn't escape the buildings, where highly combustible chemicals, body sprays and plastic granules caught fire, officials added.",dead fire apartment use chemical store bangladesh least people kill fire apartment building also use chemical warehouse bangladeshs capital dhaka fire official say traffic jam blast take place due several people could not escape building highly combustible chemical body spray plastic granule catch fire official add
Saudi prince orders release of 850 Indian prisoners on PM's request,"On the request of Prime Minister Narendra Modi, Saudi Arabia Crown Prince Mohammed bin Salman ordered the release of 850 Indian prisoners lodged in Saudi Arabian jails. ""Another big deliverable!"" Ministry of External Affairs spokesperson Raveesh Kumar tweeted. The Saudi Crown Prince also announced the increase in quota for Indian Haj pilgrims to 2,00,000 at the request of PM Modi.",world,"Saudi prince orders release of 850 Indian prisoners on PM's request. On the request of Prime Minister Narendra Modi, Saudi Arabia Crown Prince Mohammed bin Salman ordered the release of 850 Indian prisoners lodged in Saudi Arabian jails. ""Another big deliverable!"" Ministry of External Affairs spokesperson Raveesh Kumar tweeted. The Saudi Crown Prince also announced the increase in quota for Indian Haj pilgrims to 2,00,000 at the request of PM Modi.",saudi prince order release indian prisoner pms request request prime minister narendra modi saudi arabia crown prince mohamm bin salman order release indian prisoner lodge saudi arabian jail another big deliverable ministry external affair spokesperson raveesh kumar tweet saudi crown prince also announce increase quota indian haj pilgrim request pm modi
Australian state to allow people to add emoji to licence plates,"A firm in Australia's Queensland state has announced that from March, drivers can add smiling, winking, laughing out loud, heart-eyed and sunglasses emoji to their vehicles' licence plates. The state's largest automotive organisation welcomed the digital addition. ""People support their favourite team or town with a symbol on the number plate and using an emoji is no different,"" it added.",world,"Australian state to allow people to add emoji to licence plates. A firm in Australia's Queensland state has announced that from March, drivers can add smiling, winking, laughing out loud, heart-eyed and sunglasses emoji to their vehicles' licence plates. The state's largest automotive organisation welcomed the digital addition. ""People support their favourite team or town with a symbol on the number plate and using an emoji is no different,"" it added.",australian state allow people add emoji licence plate firm australias queensland state announce march driver add smile wink laugh loud heart eyed sunglass emoji vehicle licence plate state large automotive organisation welcome digital addition people support favourite team town symbol number plate use emoji no different add
US actor arrested for staging racial attack on himself,"American drama series 'Empire' actor Jussie Smollett was arrested on Thursday after he allegedly faked a homophobic, racist attack. The 36-year-old actor, who is gay, claimed that he was physically assaulted by two apparent supporters of US President Donald Trump, who shouted homophobic and racist slurs at him. Police suspect Smollett paid two Nigerian brothers to stage the attack. ",world,"US actor arrested for staging racial attack on himself. American drama series 'Empire' actor Jussie Smollett was arrested on Thursday after he allegedly faked a homophobic, racist attack. The 36-year-old actor, who is gay, claimed that he was physically assaulted by two apparent supporters of US President Donald Trump, who shouted homophobic and racist slurs at him. Police suspect Smollett paid two Nigerian brothers to stage the attack. ",us actor arrest stag racial attack american drama series empire actor jussie smollett arrest thursday allegedly fake homophobic racist attack year old actor gay claim physically assault two apparent supporter us president donald trump shout homophobic racist slur police suspect smollett pay two nigerian brother stage attack
Pak envoy's statement on Pulwama attack irrelevant: Afghanistan,"Afghanistan has criticised Pakistani Ambassador Zahid Nasrullah over his remarks that Afghan peace talks would be affected if India retaliates over the Pulwama terror attack, calling them ""irrelevant"". Afghanistan said Nasrullah's remarks are ""in contradiction with Pakistan's commitments with regards to realising peace in Afghanistan"". The US and Taliban are taking part in the talks, aimed at ending Afghan war. ",world,"Pak envoy's statement on Pulwama attack irrelevant: Afghanistan. Afghanistan has criticised Pakistani Ambassador Zahid Nasrullah over his remarks that Afghan peace talks would be affected if India retaliates over the Pulwama terror attack, calling them ""irrelevant"". Afghanistan said Nasrullah's remarks are ""in contradiction with Pakistan's commitments with regards to realising peace in Afghanistan"". The US and Taliban are taking part in the talks, aimed at ending Afghan war. ",pak envoy statement pulwama attack irrelevant afghanistan afghanistan criticise pakistani ambassador zahid nasrullah remark afghan peace talk would affect india retaliate pulwama terror attack call irrelevant afghanistan say nasrullah remark contradiction pakistan commitment regard realise peace afghanistan us taliban take part talk aim end afghan war
"I'm Pakistani, I condemn Pulwama attack: Pak journo starts campaign","Pakistani journalist Sehyr Mirza posted her picture on Facebook, holding a placard which read, ""I am a Pakistani and I condemn Pulwama terrorist attack. #AntiHateChallenge #NoToWar"". ""I won't trade humanity for patriotism,"" she wrote. Posting pictures of many women holding similar placards on another Facebook page, she urged Pakistani citizens to express solidarity with ""Indian friends"".",world,"I'm Pakistani, I condemn Pulwama attack: Pak journo starts campaign. Pakistani journalist Sehyr Mirza posted her picture on Facebook, holding a placard which read, ""I am a Pakistani and I condemn Pulwama terrorist attack. #AntiHateChallenge #NoToWar"". ""I won't trade humanity for patriotism,"" she wrote. Posting pictures of many women holding similar placards on another Facebook page, she urged Pakistani citizens to express solidarity with ""Indian friends"".",pakistani condemn pulwama attack pak journo start campaign pakistani journalist sehyr mirza post picture facebook hold placard read pakistani condemn pulwama terrorist attack antihatechallenge notowar not trade humanity patriotism write post picture many woman hold similar placard another facebook page urge pakistani citizen express solidarity indian friend
New Zealand Parliament passes motion condemning Pulwama attack,"New Zealand's Parliament has unanimously passed a motion condemning the terror attack in Jammu and Kashmir's Pulwama. The motion was moved by New Zealand's Deputy Prime Minister Winston Peters. ""We express solidarity with the Government of India at this difficult time as well as offer our deep sympathies to those affected,"" said Peters, who is also New Zealand's Foreign Minister.",world,"New Zealand Parliament passes motion condemning Pulwama attack. New Zealand's Parliament has unanimously passed a motion condemning the terror attack in Jammu and Kashmir's Pulwama. The motion was moved by New Zealand's Deputy Prime Minister Winston Peters. ""We express solidarity with the Government of India at this difficult time as well as offer our deep sympathies to those affected,"" said Peters, who is also New Zealand's Foreign Minister.",new zealand parliament pass motion condemn pulwama attack new zealand parliament unanimously pass motion condemn terror attack jammu kashmir pulwama motion move new zealand deputy prime minister winston peter express solidarity government india difficult time well offer deep sympathy affect say peter also new zealand foreign minister
PM Modi arrives in South Korea on 2-day visit,"Prime Minister Narendra Modi arrived in South Korea on Thursday on a two-day visit. ""We regard the Republic of Korea as a valued friend with which we have a Special Strategic Partnership,"" PM Modi said ahead of his visit, adding that it will boost bilateral cooperation. PM Modi will hold his second summit with South Korean President Moon Jae-in.",world,"PM Modi arrives in South Korea on 2-day visit. Prime Minister Narendra Modi arrived in South Korea on Thursday on a two-day visit. ""We regard the Republic of Korea as a valued friend with which we have a Special Strategic Partnership,"" PM Modi said ahead of his visit, adding that it will boost bilateral cooperation. PM Modi will hold his second summit with South Korean President Moon Jae-in.",pm modi arrive south korea day visit prime minister narendra modi arrive south korea thursday two day visit regard republic korea value friend special strategic partnership pm modi say ahead visit add boost bilateral cooperation pm modi hold second summit south korean president moon jae
Humpty Dumpty has no place in ICJ: Salve to Pak on abusive language,"Responding to Pakistan's submission at ICJ, India's counsel Harish Salve said, ""A criticism of a sovereign state of the case made out of the other state must be in language consistent with the dignity of other states. Humpty Dumpty has no place in this court."" ""Transcript is peppered with words such as shameless, nonsensical, laughable and breathtaking arrogance,"" he added.",world,"Humpty Dumpty has no place in ICJ: Salve to Pak on abusive language. Responding to Pakistan's submission at ICJ, India's counsel Harish Salve said, ""A criticism of a sovereign state of the case made out of the other state must be in language consistent with the dignity of other states. Humpty Dumpty has no place in this court."" ""Transcript is peppered with words such as shameless, nonsensical, laughable and breathtaking arrogance,"" he added.",humpty dumpty no place icj salve pak abusive language respond pakistan submission icj indias counsel harish salve say criticism sovereign state case make state must language consistent dignity state humpty dumpty no place court transcript pepper word shameless nonsensical laughable breathtaking arrogance add
"Indian man shot dead in US while working at store, police arrest 3","A man from Telangana was killed in Florida, US after assailants opened fire in a departmental store where he was working as a manager. Police have arrested three people in connection with the case. The victim had reportedly left India seven years ago and his family has appealed to Indian government to arrange for his body to be brought home.",world,"Indian man shot dead in US while working at store, police arrest 3. A man from Telangana was killed in Florida, US after assailants opened fire in a departmental store where he was working as a manager. Police have arrested three people in connection with the case. The victim had reportedly left India seven years ago and his family has appealed to Indian government to arrange for his body to be brought home.",indian man shoot dead us work store police arrest man telangana kill florida us assailant open fire departmental store work manager police arrest three people connection case victim reportedly leave india seven year ago family appeal indian government arrange body bring home
"India, Saudi Arabia sign 5 MoUs/deals during Crown Prince visit","India and Saudi Arabia on Wednesday signed five Memorandums of Understanding (MoUs)/Agreements during the visit of Saudi Crown Prince Mohammed bin Salman. The MoUs were signed in the fields of tourism and housing, among others. A framework cooperation programme was also signed between the two countries to enhance bilateral investment relations.",world,"India, Saudi Arabia sign 5 MoUs/deals during Crown Prince visit. India and Saudi Arabia on Wednesday signed five Memorandums of Understanding (MoUs)/Agreements during the visit of Saudi Crown Prince Mohammed bin Salman. The MoUs were signed in the fields of tourism and housing, among others. A framework cooperation programme was also signed between the two countries to enhance bilateral investment relations.",india saudi arabia sign mous deal crown prince visit india saudi arabia wednesday sign five memorandum understanding mous agreement visit saudi crown prince mohammed bin salman mous sign field tourism housing among framework cooperation programme also sign two country enhance bilateral investment relation
PM Modi unveils bust of Mahatma Gandhi in South Korea,"Prime Minister Narendra Modi on Thursday unveiled the bust of Mahatma Gandhi at the Yonsei University in the South Korean capital Seoul. PM Modi called it a special occasion as this year marks Mahatma Gandhi's 150th birth anniversary. South Korean President Moon Jae-in, First Lady Kim Jung-sook and former UN Secretary-General Ban Ki-moon also took part in the unveiling ceremony. ",world,"PM Modi unveils bust of Mahatma Gandhi in South Korea. Prime Minister Narendra Modi on Thursday unveiled the bust of Mahatma Gandhi at the Yonsei University in the South Korean capital Seoul. PM Modi called it a special occasion as this year marks Mahatma Gandhi's 150th birth anniversary. South Korean President Moon Jae-in, First Lady Kim Jung-sook and former UN Secretary-General Ban Ki-moon also took part in the unveiling ceremony. ",pm modi unveil bust mahatma gandhi south korea prime minister narendra modi thursday unveil bust mahatma gandhi yonsei university south korean capital seoul pm modi call special occasion year mark mahatma gandhis th birth anniversary south korean president moon jae first lady kim jung sook former un secretary general ban ki moon also take part unveiling ceremony
Not opposed to Masood Azhar's name in UN terror list: Saudi,"Saudi Arabia's MoS Foreign Affairs Adel bin Ahmed Al-Jubeir on Wednesday said that ""anyone who supports and finances terrorism must be designated and punished"". He also said the Pakistan-Saudi Arabia joint statement should not be politicised and was not directed against India's efforts at the United Nations to list Jaish-e-Mohammed (JeM) chief Masood Azhar as a ""global terrorist"".",world,"Not opposed to Masood Azhar's name in UN terror list: Saudi. Saudi Arabia's MoS Foreign Affairs Adel bin Ahmed Al-Jubeir on Wednesday said that ""anyone who supports and finances terrorism must be designated and punished"". He also said the Pakistan-Saudi Arabia joint statement should not be politicised and was not directed against India's efforts at the United Nations to list Jaish-e-Mohammed (JeM) chief Masood Azhar as a ""global terrorist"".",not oppose masood azhar name un terror list saudi saudi arabias mo foreign affair adel bin ahmed al jubeir wednesday say anyone support finance terrorism must designate punish also say pakistan saudi arabia joint statement not politicise not direct indias effort united nation list jaish e mohammed jem chief masood azhar global terrorist
Pak gifted a gold-plated gun to Saudi Crown Prince during his visit,"Saudi Arabia's Crown Prince Mohammed bin Salman received a gold-plated gun as a gift from a delegation of Pakistani senators during his diplomatic visit to the country earlier this week. The German-made Heckler & Koch MP5 is a submachine gun, which was modified with an elaborate pattern on the gold plate. Salman was also gifted a portrait of himself.",world,"Pak gifted a gold-plated gun to Saudi Crown Prince during his visit. Saudi Arabia's Crown Prince Mohammed bin Salman received a gold-plated gun as a gift from a delegation of Pakistani senators during his diplomatic visit to the country earlier this week. The German-made Heckler & Koch MP5 is a submachine gun, which was modified with an elaborate pattern on the gold plate. Salman was also gifted a portrait of himself.",pak gift gold plat gun saudi crown prince visit saudi arabias crown prince mohamm bin salman receive gold plat gun gift delegation pakistani senator diplomatic visit country earlier week german make heckler koch mp submachine gun modify elaborate pattern gold plate salman also gift portrait
UK teen who joined ISIS will not be allowed here: Bangladesh,"Bangladesh has said British teenager Shamima Begum, who joined ISIS when aged 15, is not a Bangladeshi citizen and there is ""no question"" of her being allowed into the country. This comes after UK Home Secretary said he would strip Shamima of her UK citizenship and suggested her to apply for Bangladesh citizenship as her parents are of Bangladeshi origin.",world,"UK teen who joined ISIS will not be allowed here: Bangladesh. Bangladesh has said British teenager Shamima Begum, who joined ISIS when aged 15, is not a Bangladeshi citizen and there is ""no question"" of her being allowed into the country. This comes after UK Home Secretary said he would strip Shamima of her UK citizenship and suggested her to apply for Bangladesh citizenship as her parents are of Bangladeshi origin.",uk teen join isis not allow bangladesh bangladesh say british teenager shamima begum join isis age not bangladeshi citizen no question allow country come uk home secretary say would strip shamima uk citizenship suggest apply bangladesh citizenship parent bangladeshi origin
Trump bars US-born woman who joined ISIS from returning,"US President Donald Trump has barred America-born 24-year-old Hoda Muthana, who left to join ISIS, from returning to the US. Muthana travelled to Syria in 2014 to join ISIS and called for the killing of Americans. Muthana, who has a son, has said she deeply regrets joining ISIS and wants to return to her family in the US.",world,"Trump bars US-born woman who joined ISIS from returning. US President Donald Trump has barred America-born 24-year-old Hoda Muthana, who left to join ISIS, from returning to the US. Muthana travelled to Syria in 2014 to join ISIS and called for the killing of Americans. Muthana, who has a son, has said she deeply regrets joining ISIS and wants to return to her family in the US.",trump bar us bear woman join isis return us president donald trump bar america bear year old hoda muthana leave join isis return us muthana travel syria join isis call killing american muthana son say deeply regret join isis want return family us
We will target US if it deploys new missiles in Europe: Russia,"Moscow will match any US move to deploy new nuclear missiles in European countries by stationing its own missiles near the US, President Vladimir Putin said on Wednesday. Putin said Russia was not seeking confrontation and would not take the first step to deploy missiles in response to Washington’s decision this month to quit a Cold War-era arms control treaty.",world,"We will target US if it deploys new missiles in Europe: Russia. Moscow will match any US move to deploy new nuclear missiles in European countries by stationing its own missiles near the US, President Vladimir Putin said on Wednesday. Putin said Russia was not seeking confrontation and would not take the first step to deploy missiles in response to Washington’s decision this month to quit a Cold War-era arms control treaty.",target us deploy new missile europe russia moscow match us move deploy new nuclear missile european country station missile near us president vladimir putin say wednesday putin say russia not seek confrontation would not take first step deploy missile response washington decision month quit cold war era arm control treaty
Russian hackers trying to influence EU elections: Microsoft,Microsoft has claimed that Russian hackers targeted European officials and non-profit organisations in contact with government officials to influence European Union elections. About 104 individuals across six countries were targeted from September-December 2018. The attacks originated from the same group which had allegedly meddled in the 2017 French presidential elections and 2016 US elections.,world,Russian hackers trying to influence EU elections: Microsoft. Microsoft has claimed that Russian hackers targeted European officials and non-profit organisations in contact with government officials to influence European Union elections. About 104 individuals across six countries were targeted from September-December 2018. The attacks originated from the same group which had allegedly meddled in the 2017 French presidential elections and 2016 US elections.,russian hacker try influence eu election microsoft microsoft claim russian hacker target european official non profit organisation contact government official influence european union election individual across six country target september december attack originate group allegedly meddle french presidential election us election
"PM Modi meets Mayor of Gimhae, gifts him Bodhi tree sapling","Prime Minister Narendra Modi met Heo Seong-gon, the Mayor of the South Korean city of Gimhae and gifted him a Bodhi tree sapling during his ongoing visit to the country. According to legend, Korean queen Heo Hwang-ok, also known as Princess Suriratna, was a princess of Ayodhya before she went to South Korea. The queen's tomb is located in Gimhae.",world,"PM Modi meets Mayor of Gimhae, gifts him Bodhi tree sapling. Prime Minister Narendra Modi met Heo Seong-gon, the Mayor of the South Korean city of Gimhae and gifted him a Bodhi tree sapling during his ongoing visit to the country. According to legend, Korean queen Heo Hwang-ok, also known as Princess Suriratna, was a princess of Ayodhya before she went to South Korea. The queen's tomb is located in Gimhae.",pm modi meet mayor gimhae gift bodhi tree sapling prime minister narendra modi meet heo seong gon mayor south korean city gimhae gift bodhi tree sapling ongoing visit country accord legend korean queen heo hwang ok also know princess suriratna princess ayodhya go south korea queen tomb locate gimhae
Bapu's ideals can help overcome menace of terrorism: PM Modi,"Unveiling a bust of Mahatma Gandhi at South Korea's Yonsei University, PM Narendra Modi on Thursday said the thoughts and ideals of Bapu can help overcome challenges of terrorism and climate change. He added Bapu showed that it's important to leave a clean planet for the future generations. He said Bapu's lifestyle showed ""what living in harmony with nature is"".",world,"Bapu's ideals can help overcome menace of terrorism: PM Modi. Unveiling a bust of Mahatma Gandhi at South Korea's Yonsei University, PM Narendra Modi on Thursday said the thoughts and ideals of Bapu can help overcome challenges of terrorism and climate change. He added Bapu showed that it's important to leave a clean planet for the future generations. He said Bapu's lifestyle showed ""what living in harmony with nature is"".",bapus ideal help overcome menace terrorism pm modi unveil bust mahatma gandhi south korea yonsei university pm narendra modi thursday say thought ideal bapu help overcome challenge terrorism climate change add bapu show important leave clean planet future generation say bapus lifestyle show live harmony nature
UK teenager who joined ISIS to be stripped of her citizenship,"British teenager Shamima Begum, who left her home country at the age of 15 to join the Islamic State in Syria, will be stripped of her citizenship, her lawyer said. Begum, now aged 19, is in a refugee camp in Syria where she gave birth to a boy last week. Begum had recently said that she wanted to return home.",world,"UK teenager who joined ISIS to be stripped of her citizenship. British teenager Shamima Begum, who left her home country at the age of 15 to join the Islamic State in Syria, will be stripped of her citizenship, her lawyer said. Begum, now aged 19, is in a refugee camp in Syria where she gave birth to a boy last week. Begum had recently said that she wanted to return home.",uk teenager join isis strip citizenship british teenager shamima begum leave home country age join islamic state syria strip citizenship lawyer say begum age refugee camp syria give birth boy last week begum recently say want return home
US man dragged to death after clothing gets caught on train,"A man was dragged to his death after an incoming New York City subway train caught hold of an article of clothing, authorities said. The train dragged him off the platform and his body struck an electrical box, causing a flash. The 39-year-old man was found with severe trauma to his body and was later pronounced dead. ",world,"US man dragged to death after clothing gets caught on train. A man was dragged to his death after an incoming New York City subway train caught hold of an article of clothing, authorities said. The train dragged him off the platform and his body struck an electrical box, causing a flash. The 39-year-old man was found with severe trauma to his body and was later pronounced dead. ",us man drag death clothing get catch train man drag death incoming new york city subway train catch hold article clothing authority say train drag platform body strike electrical box cause flash year old man find severe trauma body later pronounce dead
US launches campaign to decriminalise homosexuality globally,"US President Donald Trump's administration is launching a campaign to end the criminalisation of homosexuality globally. Homosexuality is illegal in more than 70 countries, including eight countries where it is punishable by death. The US' move was conceived partly in response to the recent reported execution by hanging of a gay man in Iran.",world,"US launches campaign to decriminalise homosexuality globally. US President Donald Trump's administration is launching a campaign to end the criminalisation of homosexuality globally. Homosexuality is illegal in more than 70 countries, including eight countries where it is punishable by death. The US' move was conceived partly in response to the recent reported execution by hanging of a gay man in Iran.",us launch campaign decriminalise homosexuality globally us president donald trump administration launch campaign end criminalisation homosexuality globally homosexuality illegal country include eight country punishable death us move conceive partly response recent report execution hang gay man iran
